Consultas principales,Clics,Impresiones,CTR,Posición
creaciones vane,13,83,15.66%,4.45
refrigerios para eventos,5,116,4.31%,4.45
anchetas medellín domicilio,2,35,5.71%,9.14
anchetas medellin,2,14,14.29%,18.57
decoraciones medellin,2,11,18.18%,8.91
anchetas medellín,2,11,18.18%,9.73
desayunos sorpresa,2,3,66.67%,1.67
anchetas en medellin,1,24,4.17%,9.83
anchetas de cumpleaños medellín a domicilio,1,18,5.56%,8.33
refrigerios medellin,1,7,14.29%,31
refrigerios para fiestas infantiles,1,5,20%,4.6
decoracion cumpleaños medellin,1,5,20%,9.6
anchetas a domicilio medellin,1,5,20%,12
refrigerios empresariales medellin,1,3,33.33%,17
detalles a domicilio medellin,1,2,50%,1
anchetas medellin domicilio,1,1,100%,1
cajitas de comida,1,1,100%,1
desayunos sorpresas en medellín,1,1,100%,1
cual es el contacto,1,1,100%,2
decoracion bodas,1,1,100%,4
arreglos para bodas medellín,0,204,0%,20.08
refrigerios empresariales,0,63,0%,8.22
creaciones,0,63,0%,8.86
arreglos para bodas envigado,0,55,0%,20.33
listas de boda medellín,0,54,0%,7.78
recordatorios matrimonio medellín,0,46,0%,21.76
ancheticas con amor medellin,0,45,0%,8.73
anchetas en medellin a domicilio,0,27,0%,8.85
invitaciones matrimonio medellín,0,27,0%,16.81
vane,0,22,0%,10.86
anchetas a domicilio,0,22,0%,18.59
decoracion primera comunion,0,14,0%,5.64
decoradores de bodas,0,14,0%,28
anchetas de cumpleaños medellin,0,12,0%,9.08
vaneessences,0,10,0%,2.4
cajas para refrigerios,0,10,0%,8.1
cotillon creaciones vane,0,9,0%,28.67
vane art,0,8,0%,6.5
anchetas personalizadas,0,7,0%,10.57
refrigerio para reuniones,0,4,0%,2.25
refrigerios para empresas,0,4,0%,2.25
creasiones,0,4,0%,6.5
refrigerios para eventos medellin,0,4,0%,15
regalos a domicilio medellin,0,4,0%,19.25
desayunos sorpresa medellin,0,3,0%,1
anchetas de cumpleaños,0,3,0%,2
adornos primera comunion,0,3,0%,5.33
regalos de primera comunion,0,3,0%,7
decoradores de fiestas medellín,0,3,0%,9.33
detalles medellin a domicilio,0,3,0%,17.67
cajas de refrigerios,0,2,0%,1
refrigerios para eventos empresariales,0,2,0%,1.5
caja de refrigerio,0,2,0%,2.5
decoraciones con globos,0,2,0%,3
cajas de refrigerio,0,2,0%,4
decoraciones primera comunión,0,2,0%,4
baby shower medellin,0,2,0%,7
paquetes de primera comunion,0,2,0%,7
todo para matrimonio,0,2,0%,7
primera comunión decoracion,0,2,0%,8.5
decoración fiestas medellín,0,2,0%,9.5
bodas medellin,0,2,0%,26.5
alquiler de mobiliario para eventos,0,1,0%,1
decoración a domicilio,0,1,0%,1
desayuno sorpresa cerca de mi,0,1,0%,1
desayunos medellin domicilio,0,1,0%,1
diseño de bodas colombia,0,1,0%,1
necesito mas opciones,0,1,0%,1
refrigerios para capacitaciones,0,1,0%,1
tienda de globos cerca de mi,0,1,0%,1
colombia,0,1,0%,2
dame valores,0,1,0%,2
decoraciones de,0,1,0%,2
desayuno sorpresa,0,1,0%,2
detalles para una mujer,0,1,0%,2
linda,0,1,0%,2
anchetas para novia,0,1,0%,3
dame más opciones,0,1,0%,3
fabricantes de mobiliario para eventos,0,1,0%,3
t-uvanevane,0,1,0%,3
catering para fiestas infantiles,0,1,0%,4
fun food catering,0,1,0%,4
necesito telefono,0,1,0%,4
balloon decoration near me,0,1,0%,5
catering sandwich,0,1,0%,6
pictures,0,1,0%,6
refrigerios para eventos precios,0,1,0%,6
catering for kids,0,1,0%,9
creaciones personalizadas,0,1,0%,9
decoracion fiestas medellin,0,1,0%,9
decorados,0,1,0%,9
regalos primera comunion,0,1,0%,9
accesorios para primera comunión,0,1,0%,11
creciones,0,1,0%,11
decoraciones,0,1,0%,12
refrigerios economicos para eventos,0,1,0%,12
si,0,1,0%,12
venta de decoración para fiestas medellín,0,1,0%,12
detalles en medellin a domicilio,0,1,0%,19
gemini,0,1,0%,19
desayunos empresariales medellin,0,1,0%,22
regalos medellin a domicilio,0,1,0%,29
croissant medellin,0,1,0%,33
recepciones para bodas medellín,0,1,0%,33
decoracion primera comunion niño 2019,0,1,0%,36
refrigerios en medellin,0,1,0%,38
anchetas cumpleaños,0,1,0%,44
bodas en medellin,0,1,0%,44
casa evamo recepciones,0,1,0%,50